vebli,block,totrev,shifts,high,firstblock,block1,block2,block3,maxhigh,other,group,experiment,odd,fahrer
1,1,3090.9,13,0,14836,1,0,0,1,0,"CG Veloblitz",0,1,1
1,2,1210,5,1,14864,0,1,0,1,0,"TG Veloblitz",1,1,1
1,3,782,3,0,14913,0,0,1,1,0,"CG Veloblitz",1,1,1
1,1,2308.5,8,0,14836,1,0,0,1,0,"CG Veloblitz",0,1,2
1,2,2148,6,1,14864,0,1,0,1,0,"TG Veloblitz",1,1,2
1,3,1936.5,6,0,14913,0,0,1,1,0,"CG Veloblitz",1,1,2
1,1,3552.5,9,0,14836,1,0,0,1,0,"CG Veloblitz",0,0,3
1,2,1889,4,0,14864,0,1,0,1,0,"CG Veloblitz",1,0,3
1,3,1883,5,1,14913,0,0,1,1,0,"TG Veloblitz",1,0,3
1,1,993,4,0,14836,1,0,0,0,201,"Other Veloblitz",0,,4
1,2,0,0,0,14864,0,1,0,0,201,"Other Veloblitz",1,,4
1,3,1014.5,4,0,14913,0,0,1,0,201,"Other Veloblitz",1,,4
1,2,930.4,4,1,14864,0,1,0,1,0,"TG Veloblitz",1,1,5
1,3,0,0,0,14913,0,0,1,1,0,"CG Veloblitz",1,1,5
1,1,1519.5,5,0,14836,1,0,0,1,0,"CG Veloblitz",0,1,6
1,2,3874.5,11,1,14864,0,1,0,1,0,"TG Veloblitz",1,1,6
1,3,4301.4,12,0,14913,0,0,1,1,0,"CG Veloblitz",1,1,6
1,1,5717.4,18,0,14836,1,0,0,1,0,"CG Veloblitz",0,0,7
1,2,0,0,0,14864,0,1,0,1,0,"CG Veloblitz",1,0,7
1,3,1616,5,1,14913,0,0,1,1,0,"TG Veloblitz",1,0,7
1,1,2440,7,0,14836,1,0,0,1,0,"CG Veloblitz",0,0,8
1,2,0,0,0,14864,0,1,0,1,0,"CG Veloblitz",1,0,8
1,3,2322,6,1,14913,0,0,1,1,0,"TG Veloblitz",1,0,8
1,1,5175.5,15,0,14836,1,0,0,1,0,"CG Veloblitz",0,0,9
1,2,4793.2,15,0,14864,0,1,0,1,0,"CG Veloblitz",1,0,9
1,3,6850.8,22,1,14913,0,0,1,1,0,"TG Veloblitz",1,0,9
1,1,1553.5,5,0,14836,1,0,0,0,344,"Other Veloblitz",0,,10
1,2,0,0,0,14864,0,1,0,0,344,"Other Veloblitz",1,,10
1,3,0,0,0,14913,0,0,1,0,344,"Other Veloblitz",1,,10
1,1,4418.5,12,0,14836,1,0,0,0,347,"Other Veloblitz",0,,11
1,2,4273.5,13,0,14864,0,1,0,0,347,"Other Veloblitz",1,,11
1,3,4123,11,0,14913,0,0,1,0,347,"Other Veloblitz",1,,11
1,1,0,0,0,14836,1,0,0,0,351,"Other Veloblitz",0,,12
1,2,0,0,0,14864,0,1,0,0,351,"Other Veloblitz",1,,12
1,3,321,2,0,14913,0,0,1,0,351,"Other Veloblitz",1,,12
1,1,564,2,0,14836,1,0,0,0,359,"Other Veloblitz",0,,13
1,2,545,2,0,14864,0,1,0,0,359,"Other Veloblitz",1,,13
1,3,0,0,0,14913,0,0,1,0,359,"Other Veloblitz",1,,13
1,1,2600.5,8,0,14836,1,0,0,1,0,"CG Veloblitz",0,0,14
1,2,2666.9,8,0,14864,0,1,0,1,0,"CG Veloblitz",1,0,14
1,3,2467.5,8,1,14913,0,0,1,1,0,"TG Veloblitz",1,0,14
1,1,1778.5,6,0,14836,1,0,0,1,0,"CG Veloblitz",0,1,15
1,2,2641.5,9,1,14864,0,1,0,1,0,"TG Veloblitz",1,1,15
1,3,543,2,0,14913,0,0,1,1,0,"CG Veloblitz",1,1,15
1,1,2487,7,0,14836,1,0,0,0,413,"Other Veloblitz",0,,16
1,2,634,2,0,14864,0,1,0,0,413,"Other Veloblitz",1,,16
1,3,1460.9,5,0,14913,0,0,1,0,413,"Other Veloblitz",1,,16
1,1,853,4,0,14836,1,0,0,0,422,"Other Veloblitz",0,,17
1,2,0,0,0,14864,0,1,0,0,422,"Other Veloblitz",1,,17
1,3,1744,7,0,14913,0,0,1,0,422,"Other Veloblitz",1,,17
1,1,2404,9,0,14836,1,0,0,1,0,"CG Veloblitz",0,0,18
1,2,2782,8,0,14864,0,1,0,1,0,"CG Veloblitz",1,0,18
1,3,3879,11,1,14913,0,0,1,1,0,"TG Veloblitz",1,0,18
1,1,5352.5,16,0,14836,1,0,0,1,0,"CG Veloblitz",0,0,19
1,2,6080.3,18,0,14864,0,1,0,1,0,"CG Veloblitz",1,0,19
1,3,1627,5,1,14913,0,0,1,1,0,"TG Veloblitz",1,0,19
1,1,1827.9,6,0,14836,1,0,0,0,442,"Other Veloblitz",0,,20
1,2,0,0,0,14864,0,1,0,0,442,"Other Veloblitz",1,,20
1,3,0,0,0,14913,0,0,1,0,442,"Other Veloblitz",1,,20
1,1,1127.5,3,0,14836,1,0,0,1,0,"CG Veloblitz",0,0,21
1,2,1735,5,0,14864,0,1,0,1,0,"CG Veloblitz",1,0,21
1,3,678,3,1,14913,0,0,1,1,0,"TG Veloblitz",1,0,21
1,1,191,1,0,14836,1,0,0,1,0,"CG Veloblitz",0,1,22
1,2,7097.8,25,1,14864,0,1,0,1,0,"TG Veloblitz",1,1,22
1,3,6660.9,19,0,14913,0,0,1,1,0,"CG Veloblitz",1,1,22
1,1,4967.5,16,0,14836,1,0,0,1,0,"CG Veloblitz",0,0,23
1,2,4894.1,17,0,14864,0,1,0,1,0,"CG Veloblitz",1,0,23
1,3,5212,18,1,14913,0,0,1,1,0,"TG Veloblitz",1,0,23
1,1,939.5,4,0,14836,1,0,0,1,0,"CG Veloblitz",0,0,24
1,2,4412.9,15,0,14864,0,1,0,1,0,"CG Veloblitz",1,0,24
1,3,5008,15,1,14913,0,0,1,1,0,"TG Veloblitz",1,0,24
1,1,2022.9,8,0,14836,1,0,0,1,0,"CG Veloblitz",0,1,25
1,2,1639.5,7,1,14864,0,1,0,1,0,"TG Veloblitz",1,1,25
1,3,1604,6,0,14913,0,0,1,1,0,"CG Veloblitz",1,1,25
1,1,1160,4,0,14836,1,0,0,0,468,"Other Veloblitz",0,,26
1,2,1834.5,6,0,14864,0,1,0,0,468,"Other Veloblitz",1,,26
1,3,215,1,0,14913,0,0,1,0,468,"Other Veloblitz",1,,26
1,1,2268.9,8,0,14836,1,0,0,0,474,"Other Veloblitz",0,,27
1,2,0,0,0,14864,0,1,0,0,474,"Other Veloblitz",1,,27
1,3,0,0,0,14913,0,0,1,0,474,"Other Veloblitz",1,,27
1,1,279.5,1,0,14836,1,0,0,1,0,"CG Veloblitz",0,1,28
1,2,3696.4,12,1,14864,0,1,0,1,0,"TG Veloblitz",1,1,28
1,3,656.5,2,0,14913,0,0,1,1,0,"CG Veloblitz",1,1,28
1,1,216.5,1,0,14836,1,0,0,0,487,"Other Veloblitz",0,,29
1,2,381.5,2,0,14864,0,1,0,0,487,"Other Veloblitz",1,,29
1,3,264,1,0,14913,0,0,1,0,487,"Other Veloblitz",1,,29
1,1,1295.6,5,0,14836,1,0,0,1,0,"CG Veloblitz",0,0,30
1,2,4302.9,15,0,14864,0,1,0,1,0,"CG Veloblitz",1,0,30
1,3,4157,17,1,14913,0,0,1,1,0,"TG Veloblitz",1,0,30
1,1,314,1,0,14836,1,0,0,1,0,"CG Veloblitz",0,0,31
1,2,1409,5,0,14864,0,1,0,1,0,"CG Veloblitz",1,0,31
1,3,1146,4,1,14913,0,0,1,1,0,"TG Veloblitz",1,0,31
1,1,1160.5,3,0,14836,1,0,0,1,0,"CG Veloblitz",0,1,32
1,2,2344.1,9,1,14864,0,1,0,1,0,"TG Veloblitz",1,1,32
1,3,0,0,0,14913,0,0,1,1,0,"CG Veloblitz",1,1,32
1,1,3255.5,11,0,14836,1,0,0,1,0,"CG Veloblitz",0,1,33
1,2,4504.5,15,1,14864,0,1,0,1,0,"TG Veloblitz",1,1,33
1,3,3842.5,12,0,14913,0,0,1,1,0,"CG Veloblitz",1,1,33
1,1,11516.2,29,0,14836,1,0,0,1,0,"CG Veloblitz",0,1,34
1,2,12487.8,30,1,14864,0,1,0,1,0,"TG Veloblitz",1,1,34
1,3,8400,22,0,14913,0,0,1,1,0,"CG Veloblitz",1,1,34
1,1,2709.5,11,0,14836,1,0,0,1,0,"CG Veloblitz",0,1,35
1,2,1168.5,6,1,14864,0,1,0,1,0,"TG Veloblitz",1,1,35
1,3,1012.9,4,0,14913,0,0,1,1,0,"CG Veloblitz",1,1,35
1,1,4097,12,0,14836,1,0,0,1,0,"CG Veloblitz",0,0,36
1,2,3835.1,11,0,14864,0,1,0,1,0,"CG Veloblitz",1,0,36
1,3,3315.5,10,1,14913,0,0,1,1,0,"TG Veloblitz",1,0,36
1,1,3733.5,12,0,14836,1,0,0,1,0,"CG Veloblitz",0,1,37
1,2,4439.3,14,1,14864,0,1,0,1,0,"TG Veloblitz",1,1,37
1,3,3492,11,0,14913,0,0,1,1,0,"CG Veloblitz",1,1,37
1,1,4080.4,16,0,14836,1,0,0,1,0,"CG Veloblitz",0,1,38
1,2,4105.8,17,1,14864,0,1,0,1,0,"TG Veloblitz",1,1,38
1,3,2407.5,9,0,14913,0,0,1,1,0,"CG Veloblitz",1,1,38
1,1,2090,7,0,14836,1,0,0,0,559,"Other Veloblitz",0,,39
1,2,1761.4,6,0,14864,0,1,0,0,559,"Other Veloblitz",1,,39
1,3,833,3,0,14913,0,0,1,0,559,"Other Veloblitz",1,,39
1,1,1253,3,0,14836,1,0,0,0,562,"Other Veloblitz",0,,40
1,2,1048,3,0,14864,0,1,0,0,562,"Other Veloblitz",1,,40
1,3,1179,5,0,14913,0,0,1,0,562,"Other Veloblitz",1,,40
1,1,1017.5,4,0,14836,1,0,0,0,564,"Other Veloblitz",0,,41
1,2,283,1,0,14864,0,1,0,0,564,"Other Veloblitz",1,,41
1,3,0,0,0,14913,0,0,1,0,564,"Other Veloblitz",1,,41
1,1,6905.5,20,0,14836,1,0,0,1,0,"CG Veloblitz",0,1,42
1,2,4510.5,14,1,14864,0,1,0,1,0,"TG Veloblitz",1,1,42
1,3,5481,15,0,14913,0,0,1,1,0,"CG Veloblitz",1,1,42
1,1,434,2,0,14836,1,0,0,0,582,"Other Veloblitz",0,,43
1,2,361,2,0,14864,0,1,0,0,582,"Other Veloblitz",1,,43
1,3,0,0,0,14913,0,0,1,0,582,"Other Veloblitz",1,,43
1,1,2088,7,0,14836,1,0,0,1,0,"CG Veloblitz",0,0,44
1,2,2610,8,0,14864,0,1,0,1,0,"CG Veloblitz",1,0,44
1,3,1950.5,8,1,14913,0,0,1,1,0,"TG Veloblitz",1,0,44
1,1,4219.2,16,0,14836,1,0,0,1,0,"CG Veloblitz",0,1,45
1,2,2573,8,1,14864,0,1,0,1,0,"TG Veloblitz",1,1,45
1,3,0,0,0,14913,0,0,1,1,0,"CG Veloblitz",1,1,45
1,1,3576.1,14,0,14836,1,0,0,0,592,"Other Veloblitz",0,,46
1,2,892.5,4,0,14864,0,1,0,0,592,"Other Veloblitz",1,,46
1,3,0,0,0,14913,0,0,1,0,592,"Other Veloblitz",1,,46
1,1,0,0,0,14836,1,0,0,0,597,"Other Veloblitz",0,,47
1,2,1663,5,0,14864,0,1,0,0,597,"Other Veloblitz",1,,47
1,3,0,0,0,14913,0,0,1,0,597,"Other Veloblitz",1,,47
1,1,898.4,3,0,14836,1,0,0,0,602,"Other Veloblitz",0,,48
1,2,506.5,2,0,14864,0,1,0,0,602,"Other Veloblitz",1,,48
1,3,1027.5,4,0,14913,0,0,1,0,602,"Other Veloblitz",1,,48
1,1,3387.5,16,0,14836,1,0,0,1,0,"CG Veloblitz",0,1,49
1,2,4304,17,1,14864,0,1,0,1,0,"TG Veloblitz",1,1,49
1,3,524,3,0,14913,0,0,1,1,0,"CG Veloblitz",1,1,49
1,1,8668.4,29,0,14836,1,0,0,1,0,"CG Veloblitz",0,0,50
1,2,7965.5,26,0,14864,0,1,0,1,0,"CG Veloblitz",1,0,50
1,3,8221,28,1,14913,0,0,1,1,0,"TG Veloblitz",1,0,50
1,1,4902,16,0,14836,1,0,0,1,0,"CG Veloblitz",0,1,51
1,2,8811.8,27,1,14864,0,1,0,1,0,"TG Veloblitz",1,1,51
1,3,7236,25,0,14913,0,0,1,1,0,"CG Veloblitz",1,1,51
1,1,6965.5,27,0,14836,1,0,0,1,0,"CG Veloblitz",0,0,52
1,2,3598.5,13,0,14864,0,1,0,1,0,"CG Veloblitz",1,0,52
1,3,7353.8,26,1,14913,0,0,1,1,0,"TG Veloblitz",1,0,52
1,1,7209.5,23,0,14836,1,0,0,1,0,"CG Veloblitz",0,1,53
1,2,5717.5,21,1,14864,0,1,0,1,0,"TG Veloblitz",1,1,53
1,3,2455,9,0,14913,0,0,1,1,0,"CG Veloblitz",1,1,53
1,1,867,3,0,14836,1,0,0,0,609,"Other Veloblitz",0,,54
1,2,0,0,0,14864,0,1,0,0,609,"Other Veloblitz",1,,54
1,3,2708,10,0,14913,0,0,1,0,609,"Other Veloblitz",1,,54
1,1,1418.5,7,0,14836,1,0,0,1,0,"CG Veloblitz",0,0,55
1,2,2195,8,0,14864,0,1,0,1,0,"CG Veloblitz",1,0,55
1,3,4398.2,18,1,14913,0,0,1,1,0,"TG Veloblitz",1,0,55
1,1,5679.4,26,0,14836,1,0,0,1,0,"CG Veloblitz",0,1,56
1,2,4688.9,18,1,14864,0,1,0,1,0,"TG Veloblitz",1,1,56
1,3,0,0,0,14913,0,0,1,1,0,"CG Veloblitz",1,1,56
1,1,3341.5,13,0,14836,1,0,0,1,0,"CG Veloblitz",0,1,57
1,2,4075,15,1,14864,0,1,0,1,0,"TG Veloblitz",1,1,57
1,3,5081,16,0,14913,0,0,1,1,0,"CG Veloblitz",1,1,57
1,1,1221,8,0,14836,1,0,0,1,0,"CG Veloblitz",0,0,58
1,2,3171.5,14,0,14864,0,1,0,1,0,"CG Veloblitz",1,0,58
1,3,4750,19,1,14913,0,0,1,1,0,"TG Veloblitz",1,0,58
1,1,3655.4,17,0,14836,1,0,0,0,622,"Other Veloblitz",0,,59
1,2,0,0,0,14864,0,1,0,0,622,"Other Veloblitz",1,,59
1,3,0,0,0,14913,0,0,1,0,622,"Other Veloblitz",1,,59
1,1,223,1,0,14836,1,0,0,1,0,"CG Veloblitz",0,1,60
1,2,3920.5,18,1,14864,0,1,0,1,0,"TG Veloblitz",1,1,60
1,3,3732.5,16,0,14913,0,0,1,1,0,"CG Veloblitz",1,1,60
1,1,1576,7,0,14836,1,0,0,1,0,"CG Veloblitz",0,0,61
1,2,1660,6,0,14864,0,1,0,1,0,"CG Veloblitz",1,0,61
1,3,3841,12,1,14913,0,0,1,1,0,"TG Veloblitz",1,0,61
1,1,562,3,0,14836,1,0,0,0,625,"Other Veloblitz",0,,62
1,2,3544.5,18,0,14864,0,1,0,0,625,"Other Veloblitz",1,,62
1,3,0,0,0,14913,0,0,1,0,625,"Other Veloblitz",1,,62
1,2,114,1,0,14864,0,1,0,1,0,"CG Veloblitz",1,0,63
1,3,2835,11,1,14913,0,0,1,1,0,"TG Veloblitz",1,0,63
1,3,3354.5,15,0,14913,0,0,1,0,627,"Other Veloblitz",1,,64
1,3,713,4,0,14913,0,0,1,0,628,"Other Veloblitz",1,,65
1,3,1472,7,0,14913,0,0,1,0,629,"Other Veloblitz",1,,66
0,1,2558,7,0,14836,1,0,0,0,1002,"Flash",0,,67
0,2,287,1,0,14864,0,1,0,0,1002,"Flash",0,,67
0,3,0,0,0,14913,0,0,1,0,1002,"Flash",0,,67
0,1,6182,15,0,14836,1,0,0,0,1007,"Flash",0,,68
0,2,3695,16,0,14864,0,1,0,0,1007,"Flash",0,,68
0,3,1354,8,0,14913,0,0,1,0,1007,"Flash",0,,68
0,1,460,2,0,14836,1,0,0,0,1014,"Flash",0,,69
0,2,1206,5,0,14864,0,1,0,0,1014,"Flash",0,,69
0,3,1309,6,0,14913,0,0,1,0,1014,"Flash",0,,69
0,1,832,4,0,14836,1,0,0,0,1019,"Flash",0,,70
0,2,1484,7,0,14864,0,1,0,0,1019,"Flash",0,,70
0,3,681,3,0,14913,0,0,1,0,1019,"Flash",0,,70
0,1,618,4,0,14836,1,0,0,0,1021,"Flash",0,,71
0,2,178,1,0,14864,0,1,0,0,1021,"Flash",0,,71
0,3,118,1,0,14913,0,0,1,0,1021,"Flash",0,,71
0,1,0,0,0,14836,1,0,0,0,1024,"Flash",0,,72
0,2,551,2,0,14864,0,1,0,0,1024,"Flash",0,,72
0,3,0,0,0,14913,0,0,1,0,1024,"Flash",0,,72
0,1,1537,5,0,14836,1,0,0,0,1035,"Flash",0,,73
0,2,195,1,0,14864,0,1,0,0,1035,"Flash",0,,73
0,3,1235,6,0,14913,0,0,1,0,1035,"Flash",0,,73
0,1,1169,10,0,14836,1,0,0,0,1036,"Flash",0,,74
0,2,299,2,0,14864,0,1,0,0,1036,"Flash",0,,74
0,3,660,6,0,14913,0,0,1,0,1036,"Flash",0,,74
0,1,4673,17,0,14836,1,0,0,0,1044,"Flash",0,,75
0,2,3825,17,0,14864,0,1,0,0,1044,"Flash",0,,75
0,3,3907,14,0,14913,0,0,1,0,1044,"Flash",0,,75
0,1,1701,7,0,14836,1,0,0,0,1051,"Flash",0,,76
0,2,3011,13,0,14864,0,1,0,0,1051,"Flash",0,,76
0,3,2451,14,0,14913,0,0,1,0,1051,"Flash",0,,76
0,1,1361,10,0,14836,1,0,0,0,1069,"Flash",0,,77
0,2,0,0,0,14864,0,1,0,0,1069,"Flash",0,,77
0,3,534,3,0,14913,0,0,1,0,1069,"Flash",0,,77
0,1,1017,5,0,14836,1,0,0,0,1077,"Flash",0,,78
0,2,1199,5,0,14864,0,1,0,0,1077,"Flash",0,,78
0,3,698,4,0,14913,0,0,1,0,1077,"Flash",0,,78
0,1,0,0,0,14836,1,0,0,0,1083,"Flash",0,,79
0,2,0,0,0,14864,0,1,0,0,1083,"Flash",0,,79
0,3,232,1,0,14913,0,0,1,0,1083,"Flash",0,,79
0,1,1378,5,0,14836,1,0,0,0,1093,"Flash",0,,80
0,2,865,3,0,14864,0,1,0,0,1093,"Flash",0,,80
0,3,990,4,0,14913,0,0,1,0,1093,"Flash",0,,80
0,1,800,7,0,14836,1,0,0,0,1098,"Flash",0,,81
0,2,265,2,0,14864,0,1,0,0,1098,"Flash",0,,81
0,3,0,0,0,14913,0,0,1,0,1098,"Flash",0,,81
0,1,97,1,0,14836,1,0,0,0,1099,"Flash",0,,82
0,2,0,0,0,14864,0,1,0,0,1099,"Flash",0,,82
0,3,77,1,0,14913,0,0,1,0,1099,"Flash",0,,82
0,1,1199,4,0,14836,1,0,0,0,1101,"Flash",0,,83
0,2,0,0,0,14864,0,1,0,0,1101,"Flash",0,,83
0,3,4219,15,0,14913,0,0,1,0,1101,"Flash",0,,83
0,1,0,0,0,14836,1,0,0,0,1103,"Flash",0,,84
0,2,0,0,0,14864,0,1,0,0,1103,"Flash",0,,84
0,3,2138,9,0,14913,0,0,1,0,1103,"Flash",0,,84
0,1,328,1,0,14836,1,0,0,0,1107,"Flash",0,,85
0,2,1014,3,0,14864,0,1,0,0,1107,"Flash",0,,85
0,3,0,0,0,14913,0,0,1,0,1107,"Flash",0,,85
0,1,1148,5,0,14836,1,0,0,0,1124,"Flash",0,,86
0,2,5296,18,0,14864,0,1,0,0,1124,"Flash",0,,86
0,3,530,3,0,14913,0,0,1,0,1124,"Flash",0,,86
0,1,987,4,0,14836,1,0,0,0,1127,"Flash",0,,87
0,2,3073,15,0,14864,0,1,0,0,1127,"Flash",0,,87
0,3,0,0,0,14913,0,0,1,0,1127,"Flash",0,,87
0,1,249,1,0,14836,1,0,0,0,1132,"Flash",0,,88
0,2,247,1,0,14864,0,1,0,0,1132,"Flash",0,,88
0,3,0,0,0,14913,0,0,1,0,1132,"Flash",0,,88
0,1,493,2,0,14836,1,0,0,0,1137,"Flash",0,,89
0,2,0,0,0,14864,0,1,0,0,1137,"Flash",0,,89
0,3,0,0,0,14913,0,0,1,0,1137,"Flash",0,,89
0,1,2339,8,0,14836,1,0,0,0,1147,"Flash",0,,90
0,2,393,2,0,14864,0,1,0,0,1147,"Flash",0,,90
0,3,3163,11,0,14913,0,0,1,0,1147,"Flash",0,,90
0,1,262,1,0,14836,1,0,0,0,1149,"Flash",0,,91
0,2,1082,5,0,14864,0,1,0,0,1149,"Flash",0,,91
0,3,2651,12,0,14913,0,0,1,0,1149,"Flash",0,,91
0,1,3181,12,0,14836,1,0,0,0,1155,"Flash",0,,92
0,2,726,3,0,14864,0,1,0,0,1155,"Flash",0,,92
0,3,0,0,0,14913,0,0,1,0,1155,"Flash",0,,92
0,1,9909,20,0,14836,1,0,0,0,1160,"Flash",0,,93
0,2,8623,20,0,14864,0,1,0,0,1160,"Flash",0,,93
0,3,0,0,0,14913,0,0,1,0,1160,"Flash",0,,93
0,1,1164,4,0,14836,1,0,0,0,1176,"Flash",0,,94
0,2,2099,8,0,14864,0,1,0,0,1176,"Flash",0,,94
0,3,790,3,0,14913,0,0,1,0,1176,"Flash",0,,94
0,1,0,0,0,14836,1,0,0,0,1180,"Flash",0,,95
0,2,1350,5,0,14864,0,1,0,0,1180,"Flash",0,,95
0,3,1383,7,0,14913,0,0,1,0,1180,"Flash",0,,95
0,3,1257,6,0,14913,0,0,1,0,1217,"Flash",0,,96
0,1,682,4,0,14836,1,0,0,0,1229,"Flash",0,,97
0,2,564,3,0,14864,0,1,0,0,1229,"Flash",0,,97
0,3,318,2,0,14913,0,0,1,0,1229,"Flash",0,,97
0,1,2063,9,0,14836,1,0,0,0,1235,"Flash",0,,98
0,2,1354,7,0,14864,0,1,0,0,1235,"Flash",0,,98
0,3,2333,9,0,14913,0,0,1,0,1235,"Flash",0,,98
0,1,189,1,0,14836,1,0,0,0,1238,"Flash",0,,99
0,2,0,0,0,14864,0,1,0,0,1238,"Flash",0,,99
0,3,0,0,0,14913,0,0,1,0,1238,"Flash",0,,99
0,1,3189,6,0,14836,1,0,0,0,1249,"Flash",0,,100
0,2,6260,16,0,14864,0,1,0,0,1249,"Flash",0,,100
0,3,1705,10,0,14913,0,0,1,0,1249,"Flash",0,,100
0,1,426,2,0,14836,1,0,0,0,1251,"Flash",0,,101
0,2,0,0,0,14864,0,1,0,0,1251,"Flash",0,,101
0,3,0,0,0,14913,0,0,1,0,1251,"Flash",0,,101
0,1,1315,7,0,14836,1,0,0,0,1267,"Flash",0,,102
0,2,1351,8,0,14864,0,1,0,0,1267,"Flash",0,,102
0,3,2495,13,0,14913,0,0,1,0,1267,"Flash",0,,102
0,1,3816,18,0,14836,1,0,0,0,1273,"Flash",0,,103
0,2,3027,15,0,14864,0,1,0,0,1273,"Flash",0,,103
0,3,3142,15,0,14913,0,0,1,0,1273,"Flash",0,,103
0,1,4893,20,0,14836,1,0,0,0,1275,"Flash",0,,104
0,2,2973,14,0,14864,0,1,0,0,1275,"Flash",0,,104
0,3,436,2,0,14913,0,0,1,0,1275,"Flash",0,,104
0,1,0,0,0,14836,1,0,0,0,1278,"Flash",0,,105
0,2,1068,7,0,14864,0,1,0,0,1278,"Flash",0,,105
0,3,0,0,0,14913,0,0,1,0,1278,"Flash",0,,105
0,1,768,3,0,14836,1,0,0,0,1280,"Flash",0,,106
0,2,0,0,0,14864,0,1,0,0,1280,"Flash",0,,106
0,3,989,5,0,14913,0,0,1,0,1280,"Flash",0,,106
0,1,486,3,0,14836,1,0,0,0,1288,"Flash",0,,107
0,2,764,4,0,14864,0,1,0,0,1288,"Flash",0,,107
0,3,344,2,0,14913,0,0,1,0,1288,"Flash",0,,107
0,1,4259,16,0,14836,1,0,0,0,1289,"Flash",0,,108
0,2,2260,10,0,14864,0,1,0,0,1289,"Flash",0,,108
0,3,2207,9,0,14913,0,0,1,0,1289,"Flash",0,,108
0,1,0,0,0,14836,1,0,0,0,1291,"Flash",0,,109
0,2,3018,15,0,14864,0,1,0,0,1291,"Flash",0,,109
0,3,842,4,0,14913,0,0,1,0,1291,"Flash",0,,109
0,1,3293,15,0,14836,1,0,0,0,1293,"Flash",0,,110
0,2,3082,16,0,14864,0,1,0,0,1293,"Flash",0,,110
0,3,1791,9,0,14913,0,0,1,0,1293,"Flash",0,,110
0,1,0,0,0,14836,1,0,0,0,1295,"Flash",0,,111
0,2,0,0,0,14864,0,1,0,0,1295,"Flash",0,,111
0,3,263,1,0,14913,0,0,1,0,1295,"Flash",0,,111
0,1,2258,8,0,14836,1,0,0,0,1297,"Flash",0,,112
0,2,1482,6,0,14864,0,1,0,0,1297,"Flash",0,,112
0,3,0,0,0,14913,0,0,1,0,1297,"Flash",0,,112
0,1,1569,10,0,14836,1,0,0,0,1299,"Flash",0,,113
0,2,134,1,0,14864,0,1,0,0,1299,"Flash",0,,113
0,3,0,0,0,14913,0,0,1,0,1299,"Flash",0,,113
0,1,869,4,0,14836,1,0,0,0,1300,"Flash",0,,114
0,2,0,0,0,14864,0,1,0,0,1300,"Flash",0,,114
0,3,0,0,0,14913,0,0,1,0,1300,"Flash",0,,114
0,1,4664,19,0,14836,1,0,0,0,1301,"Flash",0,,115
0,2,573,3,0,14864,0,1,0,0,1301,"Flash",0,,115
0,3,0,0,0,14913,0,0,1,0,1301,"Flash",0,,115
0,1,581,3,0,14836,1,0,0,0,1302,"Flash",0,,116
0,2,748,4,0,14864,0,1,0,0,1302,"Flash",0,,116
0,3,774,4,0,14913,0,0,1,0,1302,"Flash",0,,116
0,1,3814,19,0,14836,1,0,0,0,1304,"Flash",0,,117
0,2,939,5,0,14864,0,1,0,0,1304,"Flash",0,,117
0,3,0,0,0,14913,0,0,1,0,1304,"Flash",0,,117
0,1,104,1,0,14836,1,0,0,0,1305,"Flash",0,,118
0,2,0,0,0,14864,0,1,0,0,1305,"Flash",0,,118
0,3,0,0,0,14913,0,0,1,0,1305,"Flash",0,,118
0,1,2800,17,0,14836,1,0,0,0,1307,"Flash",0,,119
0,2,1412,7,0,14864,0,1,0,0,1307,"Flash",0,,119
0,3,0,0,0,14913,0,0,1,0,1307,"Flash",0,,119
0,1,1857,15,0,14836,1,0,0,0,1308,"Flash",0,,120
0,2,1730,13,0,14864,0,1,0,0,1308,"Flash",0,,120
0,3,245,2,0,14913,0,0,1,0,1308,"Flash",0,,120
0,1,1615,9,0,14836,1,0,0,0,1309,"Flash",0,,121
0,2,2836,15,0,14864,0,1,0,0,1309,"Flash",0,,121
0,3,3328,15,0,14913,0,0,1,0,1309,"Flash",0,,121
0,1,3006,15,0,14836,1,0,0,0,1310,"Flash",0,,122
0,2,4049,19,0,14864,0,1,0,0,1310,"Flash",0,,122
0,3,0,0,0,14913,0,0,1,0,1310,"Flash",0,,122
0,2,2639,13,0,14864,0,1,0,0,1312,"Flash",0,,123
0,3,3110,14,0,14913,0,0,1,0,1312,"Flash",0,,123
0,2,1480,12,0,14864,0,1,0,0,1314,"Flash",0,,124
0,3,0,0,0,14913,0,0,1,0,1314,"Flash",0,,124
0,2,179,2,0,14864,0,1,0,0,1316,"Flash",0,,125
0,3,488,3,0,14913,0,0,1,0,1316,"Flash",0,,125
0,1,323,2,0,14836,1,0,0,0,1317,"Flash",0,,126
0,2,176,1,0,14864,0,1,0,0,1317,"Flash",0,,126
0,3,576,3,0,14913,0,0,1,0,1317,"Flash",0,,126
0,1,760,4,0,14836,1,0,0,0,1318,"Flash",0,,127
0,2,0,0,0,14864,0,1,0,0,1318,"Flash",0,,127
0,3,0,0,0,14913,0,0,1,0,1318,"Flash",0,,127
0,1,1084,6,0,14836,1,0,0,0,1320,"Flash",0,,128
0,2,1657,8,0,14864,0,1,0,0,1320,"Flash",0,,128
0,3,812,4,0,14913,0,0,1,0,1320,"Flash",0,,128
0,1,287,2,0,14836,1,0,0,0,1321,"Flash",0,,129
0,2,2826,19,0,14864,0,1,0,0,1321,"Flash",0,,129
0,3,2259,14,0,14913,0,0,1,0,1321,"Flash",0,,129
0,2,902,7,0,14864,0,1,0,0,1322,"Flash",0,,130
0,3,742,6,0,14913,0,0,1,0,1322,"Flash",0,,130
0,2,526,3,0,14864,0,1,0,0,1324,"Flash",0,,131
0,3,373,2,0,14913,0,0,1,0,1324,"Flash",0,,131
0,2,563,3,0,14864,0,1,0,0,1326,"Flash",0,,132
0,3,1473,7,0,14913,0,0,1,0,1326,"Flash",0,,132
0,3,1241,6,0,14913,0,0,1,0,1327,"Flash",0,,133
0,3,1104,7,0,14913,0,0,1,0,1328,"Flash",0,,134
0,3,585,3,0,14913,0,0,1,0,1329,"Flash",0,,135
0,3,126,1,0,14913,0,0,1,0,1331,"Flash",0,,136
0,3,1378,9,0,14913,0,0,1,0,1335,"Flash",0,,137
0,3,498,3,0,14913,0,0,1,0,1336,"Flash",0,,138
